continent,lifeExp_mean
Africa,48.86533012820513
Americas,64.65873666666667
Asia,60.06490323232323
Europe,71.90368611111111
Oceania,74.32620833333333
